type,queueSize,generated,collected,elapsedInMicros,retryOnFull
MutexBased,256,100,100,198,1
MutexBased,256,100,100,174,0
MutexBased,512,100,100,167,1
MutexBased,512,100,100,203,0
MutexBased,1024,100,100,172,1
MutexBased,1024,100,100,163,0
MutexBased,2048,100,100,97,1
MutexBased,2048,100,100,168,0
MutexBased,4096,100,100,245,1
MutexBased,4096,100,100,232,0
MutexBased,8192,100,100,177,1
MutexBased,8192,100,100,201,0
MutexBased,256,200,200,250,1
MutexBased,256,200,200,97,0
MutexBased,512,200,200,135,1
MutexBased,512,200,200,191,0
MutexBased,1024,200,200,200,1
MutexBased,1024,200,200,286,0
MutexBased,2048,200,200,167,1
MutexBased,2048,200,200,220,0
MutexBased,4096,200,200,111,1
MutexBased,4096,200,200,360,0
MutexBased,8192,200,200,194,1
MutexBased,8192,200,200,294,0
MutexBased,256,300,300,213,1
MutexBased,256,300,300,203,0
MutexBased,512,300,300,279,1
MutexBased,512,300,300,296,0
MutexBased,1024,300,300,227,1
MutexBased,1024,300,300,145,0
MutexBased,2048,300,300,157,1
MutexBased,2048,300,300,173,0
MutexBased,4096,300,300,162,1
MutexBased,4096,300,300,241,0
MutexBased,8192,300,300,127,1
MutexBased,8192,300,300,125,0
MutexBased,256,400,400,136,1
MutexBased,256,400,400,252,0
MutexBased,512,400,400,124,1
MutexBased,512,400,400,177,0
MutexBased,1024,400,400,129,1
MutexBased,1024,400,400,340,0
MutexBased,2048,400,400,327,1
MutexBased,2048,400,400,104,0
MutexBased,4096,400,400,219,1
MutexBased,4096,400,400,215,0
MutexBased,8192,400,400,219,1
MutexBased,8192,400,400,144,0
MutexBased,256,500,500,242,1
MutexBased,256,500,500,332,0
MutexBased,512,500,500,288,1
MutexBased,512,500,500,201,0
MutexBased,1024,500,500,274,1
MutexBased,1024,500,500,331,0
MutexBased,2048,500,500,253,1
MutexBased,2048,500,500,198,0
MutexBased,4096,500,500,142,1
MutexBased,4096,500,500,125,0
MutexBased,8192,500,500,205,1
MutexBased,8192,500,500,240,0
MutexBased,256,1000,1000,465,1
MutexBased,256,1000,1000,325,0
MutexBased,512,1000,1000,219,1
MutexBased,512,1000,595,215,0
MutexBased,1024,1000,1000,317,1
MutexBased,1024,1000,1000,378,0
MutexBased,2048,1000,1000,175,1
MutexBased,2048,1000,1000,356,0
MutexBased,4096,1000,1000,251,1
MutexBased,4096,1000,1000,381,0
MutexBased,8192,1000,1000,428,1
MutexBased,8192,1000,1000,324,0
MutexBased,256,1500,1500,400,1
MutexBased,256,1500,1500,521,0
MutexBased,512,1500,1500,580,1
MutexBased,512,1500,1163,252,0
MutexBased,1024,1500,1500,548,1
MutexBased,1024,1500,1500,491,0
MutexBased,2048,1500,1500,321,1
MutexBased,2048,1500,1500,558,0
MutexBased,4096,1500,1500,502,1
MutexBased,4096,1500,1500,514,0
MutexBased,8192,1500,1500,379,1
MutexBased,8192,1500,1500,374,0
MutexBased,256,2000,2000,649,1
MutexBased,256,2000,2000,638,0
MutexBased,512,2000,2000,677,1
MutexBased,512,2000,1394,290,0
MutexBased,1024,2000,2000,659,1
MutexBased,1024,2000,1442,264,0
MutexBased,2048,2000,2000,302,1
MutexBased,2048,2000,2000,626,0
MutexBased,4096,2000,2000,326,1
MutexBased,4096,2000,2000,523,0
MutexBased,8192,2000,2000,391,1
MutexBased,8192,2000,2000,414,0
MutexBased,256,2500,2500,721,1
MutexBased,256,2500,1551,404,0
MutexBased,512,2500,2500,713,1
MutexBased,512,2500,2500,680,0
MutexBased,1024,2500,2500,847,1
MutexBased,1024,2500,2397,392,0
MutexBased,2048,2500,2500,616,1
MutexBased,2048,2500,2500,558,0
MutexBased,4096,2500,2500,461,1
MutexBased,4096,2500,2500,822,0
MutexBased,8192,2500,2500,293,1
MutexBased,8192,2500,2500,531,0
MutexBased,256,3000,3000,882,1
MutexBased,256,3000,1987,693,0
MutexBased,512,3000,3000,822,1
MutexBased,512,3000,3000,682,0
MutexBased,1024,3000,3000,947,1
MutexBased,1024,3000,3000,852,0
MutexBased,2048,3000,3000,498,1
MutexBased,2048,3000,3000,396,0
MutexBased,4096,3000,3000,920,1
MutexBased,4096,3000,3000,768,0
MutexBased,8192,3000,3000,665,1
MutexBased,8192,3000,3000,908,0
MutexBased,256,3500,3500,935,1
MutexBased,256,3500,3500,961,0
MutexBased,512,3500,3500,894,1
MutexBased,512,3500,3236,567,0
MutexBased,1024,3500,3500,840,1
MutexBased,1024,3500,3500,688,0
MutexBased,2048,3500,3500,600,1
MutexBased,2048,3500,3500,609,0
MutexBased,4096,3500,3500,567,1
MutexBased,4096,3500,3500,536,0
MutexBased,8192,3500,3500,558,1
MutexBased,8192,3500,3500,1006,0
MutexBased,256,4000,4000,1185,1
MutexBased,256,4000,2192,571,0
MutexBased,512,4000,4000,1499,1
MutexBased,512,4000,2433,543,0
MutexBased,1024,4000,4000,893,1
MutexBased,1024,4000,3432,588,0
MutexBased,2048,4000,4000,412,1
MutexBased,2048,4000,4000,845,0
MutexBased,4096,4000,4000,1080,1
MutexBased,4096,4000,4000,559,0
MutexBased,8192,4000,4000,665,1
MutexBased,8192,4000,4000,841,0
MutexBased,256,4500,4500,1035,1
MutexBased,256,4500,3647,720,0
MutexBased,512,4500,4500,922,1
MutexBased,512,4500,4500,1273,0
MutexBased,1024,4500,4500,1042,1
MutexBased,1024,4500,4500,1259,0
MutexBased,2048,4500,4500,627,1
MutexBased,2048,4500,4500,906,0
MutexBased,4096,4500,4500,987,1
MutexBased,4096,4500,4500,475,0
MutexBased,8192,4500,4500,688,1
MutexBased,8192,4500,4500,799,0
MutexBased,256,5000,5000,1173,1
MutexBased,256,5000,2464,628,0
MutexBased,512,5000,5000,860,1
MutexBased,512,5000,4904,793,0
MutexBased,1024,5000,5000,995,1
MutexBased,1024,5000,5000,1101,0
MutexBased,2048,5000,4608,894,1
MutexBased,2048,5000,5392,1219,0
MutexBased,4096,5000,5000,778,1
MutexBased,4096,5000,5000,680,0
MutexBased,8192,5000,5000,741,1
MutexBased,8192,5000,5000,813,0
MutexBased,256,10000,10000,2554,1
MutexBased,256,10000,7747,1911,0
MutexBased,512,10000,10000,1740,1
MutexBased,512,10000,8745,2084,0
MutexBased,1024,10000,10000,2178,1
MutexBased,1024,10000,5476,1513,0
MutexBased,2048,10000,10000,1416,1
MutexBased,2048,10000,10000,1895,0
MutexBased,4096,10000,10000,1151,1
MutexBased,4096,10000,10000,1970,0
MutexBased,8192,10000,10000,1594,1
MutexBased,8192,10000,10000,1527,0
MutexBased,256,15000,15000,2628,1
MutexBased,256,15000,12744,2096,0
MutexBased,512,15000,15000,2400,1
MutexBased,512,15000,14886,2740,0
MutexBased,1024,15000,15000,2496,1
MutexBased,1024,15000,15000,2511,0
MutexBased,2048,15000,15000,2555,1
MutexBased,2048,15000,12458,2023,0
MutexBased,4096,15000,15000,2211,1
MutexBased,4096,15000,11648,1719,0
MutexBased,8192,15000,15000,1524,1
MutexBased,8192,15000,15000,1960,0
MutexBased,256,20000,20000,3765,1
MutexBased,256,20000,17199,3167,0
MutexBased,512,20000,20000,4798,1
MutexBased,512,20000,11959,2071,0
MutexBased,1024,20000,20000,3028,1
MutexBased,1024,20000,20000,3193,0
MutexBased,2048,20000,20000,2855,1
MutexBased,2048,20000,15845,2765,0
MutexBased,4096,20000,20000,2693,1
MutexBased,4096,20000,18766,2754,0
MutexBased,8192,20000,20000,2404,1
MutexBased,8192,20000,20000,3028,0
MutexBased,256,25000,25000,4544,1
MutexBased,256,25000,12409,2728,0
MutexBased,512,25000,25000,4104,1
MutexBased,512,25000,22755,4009,0
MutexBased,1024,25000,25000,3901,1
MutexBased,1024,25000,18023,3427,0
MutexBased,2048,25000,25000,3657,1
MutexBased,2048,25000,24935,4076,0
MutexBased,4096,25000,25000,3488,1
MutexBased,4096,25000,21459,2837,0
MutexBased,8192,25000,25000,4808,1
MutexBased,8192,25000,25000,3373,0
MutexBased,256,30000,30000,5236,1
MutexBased,256,30000,20396,3661,0
MutexBased,512,30000,30000,6063,1
MutexBased,512,30000,18586,3462,0
MutexBased,1024,30000,30000,6258,1
MutexBased,1024,30000,15061,3092,0
MutexBased,2048,30000,30000,5491,1
MutexBased,2048,30000,26351,4426,0
MutexBased,4096,30000,30000,4606,1
MutexBased,4096,30000,30000,4565,0
MutexBased,8192,30000,30000,3822,1
MutexBased,8192,30000,30000,4087,0
MutexBased,256,35000,35000,5382,1
MutexBased,256,35000,25751,4696,0
MutexBased,512,35000,35000,6528,1
MutexBased,512,35000,31356,4746,0
MutexBased,1024,35000,35000,5729,1
MutexBased,1024,35000,24677,4161,0
MutexBased,2048,35000,35000,5206,1
MutexBased,2048,35000,35000,5869,0
MutexBased,4096,35000,35000,5755,1
MutexBased,4096,35000,33870,3982,0
MutexBased,8192,35000,35000,4110,1
MutexBased,8192,35000,35000,4797,0
MutexBased,256,40000,40000,7943,1
MutexBased,256,40000,29755,4629,0
MutexBased,512,40000,40000,5931,1
MutexBased,512,40000,28488,5718,0
MutexBased,1024,40000,40000,6367,1
MutexBased,1024,40000,34455,5445,0
MutexBased,2048,40000,40000,6684,1
MutexBased,2048,40000,40000,6028,0
MutexBased,4096,40000,40000,5735,1
MutexBased,4096,40000,39025,5384,0
MutexBased,8192,40000,40000,4474,1
MutexBased,8192,40000,40000,4879,0
MutexBased,256,45000,45000,9435,1
MutexBased,256,45000,40076,6476,0
MutexBased,512,45000,45000,7525,1
MutexBased,512,45000,37725,5993,0
MutexBased,1024,45000,45000,6853,1
MutexBased,1024,45000,35446,6109,0
MutexBased,2048,45000,45000,6081,1
MutexBased,2048,45000,37532,5572,0
MutexBased,4096,45000,45000,7788,1
MutexBased,4096,45000,45000,6227,0
MutexBased,8192,45000,45000,5777,1
MutexBased,8192,45000,32010,4734,0
MutexBased,256,50000,50000,7706,1
MutexBased,256,50000,39900,6441,0
MutexBased,512,50000,50000,9157,1
MutexBased,512,50000,42573,6887,0
MutexBased,1024,50000,50000,8545,1
MutexBased,1024,50000,42745,6604,0
MutexBased,2048,50000,50000,8138,1
MutexBased,2048,50000,37881,5411,0
MutexBased,4096,50000,50000,6236,1
MutexBased,4096,50000,45236,5652,0
MutexBased,8192,50000,50000,6474,1
MutexBased,8192,50000,50000,6518,0
MutexBased,256,100000,100000,17477,1
MutexBased,256,100000,65887,11090,0
MutexBased,512,100000,100000,15817,1
MutexBased,512,100000,84051,13504,0
MutexBased,1024,100000,100000,15785,1
MutexBased,1024,100000,61367,10323,0
MutexBased,2048,100000,100000,14767,1
MutexBased,2048,100000,78556,11432,0
MutexBased,4096,100000,100000,13774,1
MutexBased,4096,100000,56705,7718,0
MutexBased,8192,100000,100000,12382,1
MutexBased,8192,100000,82651,10145,0
MutexBased,256,150000,150000,23745,1
MutexBased,256,150000,116296,19450,0
MutexBased,512,150000,150000,25193,1
MutexBased,512,150000,117906,18326,0
MutexBased,1024,150000,150000,23597,1
MutexBased,1024,150000,100681,17014,0
MutexBased,2048,150000,150000,23806,1
MutexBased,2048,150000,131514,18389,0
MutexBased,4096,150000,150000,20841,1
MutexBased,4096,150000,135989,18766,0
MutexBased,8192,150000,150000,20134,1
MutexBased,8192,150000,121803,16825,0
MutexBased,256,200000,200000,30857,1
MutexBased,256,200000,138290,22633,0
MutexBased,512,200000,200000,30711,1
MutexBased,512,200000,166140,26387,0
MutexBased,1024,200000,200000,31871,1
MutexBased,1024,200000,126139,21409,0
MutexBased,2048,200000,200000,28459,1
MutexBased,2048,200000,158165,23008,0
MutexBased,4096,200000,200000,27812,1
MutexBased,4096,200000,168640,22719,0
MutexBased,8192,200000,200000,24550,1
MutexBased,8192,200000,187500,24283,0
MutexBased,256,250000,250000,41870,1
MutexBased,256,250000,198749,32775,0
MutexBased,512,250000,250000,40808,1
MutexBased,512,250000,202860,31948,0
MutexBased,1024,250000,250000,42288,1
MutexBased,1024,250000,188416,29711,0
MutexBased,2048,250000,250000,34343,1
MutexBased,2048,250000,185505,25941,0
MutexBased,4096,250000,250000,33373,1
MutexBased,4096,250000,232920,31108,0
MutexBased,8192,250000,250000,32100,1
MutexBased,8192,250000,225326,28843,0
MutexBased,256,300000,300000,47142,1
MutexBased,256,300000,233328,38898,0
MutexBased,512,300000,300000,47803,1
MutexBased,512,300000,252442,39922,0
MutexBased,1024,300000,300000,49992,1
MutexBased,1024,300000,234885,38542,0
MutexBased,2048,300000,300000,42644,1
MutexBased,2048,300000,246155,34858,0
MutexBased,4096,300000,300000,36837,1
MutexBased,4096,300000,274617,38845,0
MutexBased,8192,300000,300000,37160,1
MutexBased,8192,300000,239742,31676,0
MutexBased,256,350000,350000,58154,1
MutexBased,256,350000,228365,40608,0
MutexBased,512,350000,350000,60346,1
MutexBased,512,350000,220975,36577,0
MutexBased,1024,350000,350000,56254,1
MutexBased,1024,350000,285069,46657,0
MutexBased,2048,350000,350000,50295,1
MutexBased,2048,350000,276808,38387,0
MutexBased,4096,350000,350000,47674,1
MutexBased,4096,350000,310117,43581,0
MutexBased,8192,350000,350000,48090,1
MutexBased,8192,350000,293448,38704,0
MutexBased,256,400000,400000,65533,1
MutexBased,256,400000,301667,50196,0
MutexBased,512,400000,400000,63946,1
MutexBased,512,400000,310079,50304,0
MutexBased,1024,400000,400000,66047,1
MutexBased,1024,400000,285737,46023,0
MutexBased,2048,400000,400000,55689,1
MutexBased,2048,400000,327581,49078,0
MutexBased,4096,400000,400000,54847,1
MutexBased,4096,400000,311613,42633,0
MutexBased,8192,400000,400000,55307,1
MutexBased,8192,400000,384389,50266,0
MutexBased,256,450000,450000,74621,1
MutexBased,256,450000,340569,55826,0
MutexBased,512,450000,450000,71052,1
MutexBased,512,450000,301097,49090,0
MutexBased,1024,450000,450000,75470,1
MutexBased,1024,450000,338296,57411,0
MutexBased,2048,450000,450000,64748,1
MutexBased,2048,450000,334508,52432,0
MutexBased,4096,450000,450000,66772,1
MutexBased,4096,450000,350401,50892,0
MutexBased,8192,450000,450000,61803,1
MutexBased,8192,450000,348555,46986,0
MutexBased,256,500000,500000,82575,1
MutexBased,256,500000,358189,59117,0
MutexBased,512,500000,500000,82474,1
MutexBased,512,500000,411799,66472,0
MutexBased,1024,500000,500000,86292,1
MutexBased,1024,500000,385760,67826,0
MutexBased,2048,500000,500000,74018,1
MutexBased,2048,500000,449464,66266,0
MutexBased,4096,500000,500000,69673,1
MutexBased,4096,500000,436054,62281,0
MutexBased,8192,500000,500000,67591,1
MutexBased,8192,500000,466530,60970,0
MutexBased,256,1000000,1000000,170750,1
MutexBased,256,1000000,768092,129281,0
MutexBased,512,1000000,1000000,159879,1
MutexBased,512,1000000,796168,133281,0
MutexBased,1024,1000000,1000000,172432,1
MutexBased,1024,1000000,684088,119385,0
MutexBased,2048,1000000,1000000,143670,1
MutexBased,2048,1000000,853074,122667,0
MutexBased,4096,1000000,1000000,142520,1
MutexBased,4096,1000000,787929,113617,0
MutexBased,8192,1000000,1000000,138624,1
MutexBased,8192,1000000,821715,111518,0
MutexBased,256,1100000,1100000,188193,1
MutexBased,256,1100000,757842,126772,0
MutexBased,512,1100000,1100000,179544,1
MutexBased,512,1100000,836074,139838,0
MutexBased,1024,1100000,1100000,191610,1
MutexBased,1024,1100000,817756,142207,0
MutexBased,2048,1100000,1100000,163635,1
MutexBased,2048,1100000,883666,128733,0
MutexBased,4096,1100000,1100000,163806,1
MutexBased,4096,1100000,898907,133982,0
MutexBased,8192,1100000,1100000,155486,1
MutexBased,8192,1100000,926772,129327,0
MutexBased,256,1200000,1200000,204717,1
MutexBased,256,1200000,889052,151218,0
MutexBased,512,1200000,1200000,198713,1
MutexBased,512,1200000,922075,151852,0
MutexBased,1024,1200000,1200000,208968,1
MutexBased,1024,1200000,783427,143297,0
MutexBased,2048,1200000,1200000,177990,1
MutexBased,2048,1200000,1012982,148939,0
MutexBased,4096,1200000,1200000,184102,1
MutexBased,4096,1200000,1013428,154467,0
MutexBased,8192,1200000,1200000,167796,1
MutexBased,8192,1200000,940696,135807,0
MutexBased,256,1300000,1300000,223703,1
MutexBased,256,1300000,947940,163059,0
MutexBased,512,1300000,1300000,220146,1
MutexBased,512,1300000,1009839,170355,0
MutexBased,1024,1300000,1300000,229226,1
MutexBased,1024,1300000,1041741,183198,0
MutexBased,2048,1300000,1300000,192258,1
MutexBased,2048,1300000,1070301,161987,0
MutexBased,4096,1300000,1300000,204961,1
MutexBased,4096,1300000,1015083,154809,0
MutexBased,8192,1300000,1300000,190367,1
MutexBased,8192,1300000,1144896,162383,0
MutexBased,256,1400000,1400000,241456,1
MutexBased,256,1400000,999982,171162,0
MutexBased,512,1400000,1400000,231073,1
MutexBased,512,1400000,1062602,176370,0
MutexBased,1024,1400000,1400000,-2237489,1
MutexBased,1024,1400000,1029654,179643,0
MutexBased,2048,1400000,1400000,207715,1
MutexBased,2048,1400000,1087524,166402,0
MutexBased,4096,1400000,1400000,207474,1
MutexBased,4096,1400000,1230144,183137,0
MutexBased,8192,1400000,1400000,193155,1
MutexBased,8192,1400000,1293069,186303,0
MutexBased,256,1500000,1500000,260634,1
MutexBased,256,1500000,1094608,193094,0
MutexBased,512,1500000,1500000,254551,1
MutexBased,512,1500000,1116774,191270,0
MutexBased,1024,1500000,1500000,265454,1
MutexBased,1024,1500000,989506,178426,0
MutexBased,2048,1500000,1500000,226683,1
MutexBased,2048,1500000,1193170,183225,0
MutexBased,4096,1500000,1500000,233925,1
MutexBased,4096,1500000,1205715,188787,0
MutexBased,8192,1500000,1500000,215211,1
MutexBased,8192,1500000,1383955,196083,0
LockFreeBased,256,100,100,238,1
LockFreeBased,256,100,100,128,0
LockFreeBased,512,100,100,106,1
LockFreeBased,512,100,100,143,0
LockFreeBased,1024,100,100,163,1
LockFreeBased,1024,100,100,138,0
LockFreeBased,2048,100,100,178,1
LockFreeBased,2048,100,100,343,0
LockFreeBased,4096,100,100,192,1
LockFreeBased,4096,100,100,84,0
LockFreeBased,8192,100,100,79,1
LockFreeBased,8192,100,100,110,0
LockFreeBased,256,200,200,234,1
LockFreeBased,256,200,200,106,0
LockFreeBased,512,200,200,205,1
LockFreeBased,512,200,200,174,0
LockFreeBased,1024,200,200,93,1
LockFreeBased,1024,200,200,65,0
LockFreeBased,2048,200,200,247,1
LockFreeBased,2048,200,200,64,0
LockFreeBased,4096,200,200,69,1
LockFreeBased,4096,200,200,81,0
LockFreeBased,8192,200,200,87,1
LockFreeBased,8192,200,200,92,0
LockFreeBased,256,300,300,94,1
LockFreeBased,256,300,255,167,0
LockFreeBased,512,300,300,202,1
LockFreeBased,512,300,300,105,0
LockFreeBased,1024,300,300,70,1
LockFreeBased,1024,300,300,77,0
LockFreeBased,2048,300,300,83,1
LockFreeBased,2048,300,300,97,0
LockFreeBased,4096,300,300,105,1
LockFreeBased,4096,300,300,72,0
LockFreeBased,8192,300,300,107,1
LockFreeBased,8192,300,300,130,0
LockFreeBased,256,400,400,216,1
LockFreeBased,256,400,400,181,0
LockFreeBased,512,400,400,112,1
LockFreeBased,512,400,400,201,0
LockFreeBased,1024,400,400,111,1
LockFreeBased,1024,400,400,244,0
LockFreeBased,2048,400,400,393,1
LockFreeBased,2048,400,400,288,0
LockFreeBased,4096,400,400,194,1
LockFreeBased,4096,400,400,121,0
LockFreeBased,8192,400,400,328,1
LockFreeBased,8192,400,400,179,0
LockFreeBased,256,500,500,224,1
LockFreeBased,256,500,500,280,0
LockFreeBased,512,500,500,131,1
LockFreeBased,512,500,500,151,0
LockFreeBased,1024,500,500,146,1
LockFreeBased,1024,500,500,152,0
LockFreeBased,2048,500,500,139,1
LockFreeBased,2048,500,500,111,0
LockFreeBased,4096,500,500,202,1
LockFreeBased,4096,500,500,216,0
LockFreeBased,8192,500,500,141,1
LockFreeBased,8192,500,500,140,0
LockFreeBased,256,1000,1000,113,1
LockFreeBased,256,1000,972,104,0
LockFreeBased,512,1000,1000,125,1
LockFreeBased,512,1000,1000,136,0
LockFreeBased,1024,1000,1000,95,1
LockFreeBased,1024,1000,1000,196,0
LockFreeBased,2048,1000,1000,119,1
LockFreeBased,2048,1000,1000,133,0
LockFreeBased,4096,1000,1000,133,1
LockFreeBased,4096,1000,1000,190,0
LockFreeBased,8192,1000,1000,135,1
LockFreeBased,8192,1000,1000,116,0
LockFreeBased,256,1500,1500,163,1
LockFreeBased,256,1500,1477,149,0
LockFreeBased,512,1500,1500,206,1
LockFreeBased,512,1500,511,146,0
LockFreeBased,1024,1500,1500,155,1
LockFreeBased,1024,1500,1500,188,0
LockFreeBased,2048,1500,1500,316,1
LockFreeBased,2048,1500,1500,294,0
LockFreeBased,4096,1500,1500,333,1
LockFreeBased,4096,1500,1500,169,0
LockFreeBased,8192,1500,1500,129,1
LockFreeBased,8192,1500,1500,239,0
LockFreeBased,256,2000,2000,195,1
LockFreeBased,256,2000,2000,239,0
LockFreeBased,512,2000,2000,169,1
LockFreeBased,512,2000,2000,136,0
LockFreeBased,1024,2000,2000,112,1
LockFreeBased,1024,2000,2000,152,0
LockFreeBased,2048,2000,2000,140,1
LockFreeBased,2048,2000,2000,114,0
LockFreeBased,4096,2000,2000,303,1
LockFreeBased,4096,2000,2000,162,0
LockFreeBased,8192,2000,2000,175,1
LockFreeBased,8192,2000,2000,100,0
LockFreeBased,256,2500,2500,152,1
LockFreeBased,256,2500,2500,150,0
LockFreeBased,512,2500,2500,207,1
LockFreeBased,512,2500,2325,148,0
LockFreeBased,1024,2500,2500,156,1
LockFreeBased,1024,2500,2500,166,0
LockFreeBased,2048,2500,2500,184,1
LockFreeBased,2048,2500,0,135,0
LockFreeBased,4096,2500,2500,157,1
LockFreeBased,4096,2500,2500,149,0
LockFreeBased,8192,2500,2500,199,1
LockFreeBased,8192,2500,2500,118,0
LockFreeBased,256,3000,3000,144,1
LockFreeBased,256,3000,3000,94,0
LockFreeBased,512,3000,3000,95,1
LockFreeBased,512,3000,2928,91,0
LockFreeBased,1024,3000,3000,100,1
LockFreeBased,1024,3000,3000,109,0
LockFreeBased,2048,3000,3000,132,1
LockFreeBased,2048,3000,3000,242,0
LockFreeBased,4096,3000,3000,175,1
LockFreeBased,4096,3000,3000,129,0
LockFreeBased,8192,3000,3000,169,1
LockFreeBased,8192,3000,0,129,0
LockFreeBased,256,3500,3500,148,1
LockFreeBased,256,3500,255,125,0
LockFreeBased,512,3500,3500,105,1
LockFreeBased,512,3500,3500,169,0
LockFreeBased,1024,3500,3500,178,1
LockFreeBased,1024,3500,3500,166,0
LockFreeBased,2048,3500,3500,208,1
LockFreeBased,2048,3500,0,270,0
LockFreeBased,4096,3500,3500,282,1
LockFreeBased,4096,3500,3500,149,0
LockFreeBased,8192,3500,3500,155,1
LockFreeBased,8192,3500,3500,185,0
LockFreeBased,256,4000,4000,230,1
LockFreeBased,256,4000,4000,238,0
LockFreeBased,512,4000,4000,240,1
LockFreeBased,512,4000,4000,317,0
LockFreeBased,1024,4000,4000,273,1
LockFreeBased,1024,4000,4000,373,0
LockFreeBased,2048,4000,4000,185,1
LockFreeBased,2048,4000,2047,678,0
LockFreeBased,4096,4000,4000,157,1
LockFreeBased,4096,4000,4000,272,0
LockFreeBased,8192,4000,4000,189,1
LockFreeBased,8192,4000,4000,173,0
LockFreeBased,256,4500,4500,131,1
LockFreeBased,256,4500,4500,211,0
LockFreeBased,512,4500,4500,252,1
LockFreeBased,512,4500,4500,158,0
LockFreeBased,1024,4500,4500,146,1
LockFreeBased,1024,4500,4500,243,0
LockFreeBased,2048,4500,4500,100,1
LockFreeBased,2048,4500,4500,182,0
LockFreeBased,4096,4500,4500,150,1
LockFreeBased,4096,4500,4500,144,0
LockFreeBased,8192,4500,4500,156,1
LockFreeBased,8192,4500,4500,114,0
LockFreeBased,256,5000,5000,170,1
LockFreeBased,256,5000,4722,113,0
LockFreeBased,512,5000,5000,147,1
LockFreeBased,512,5000,4906,111,0
LockFreeBased,1024,5000,5000,184,1
LockFreeBased,1024,5000,4160,149,0
LockFreeBased,2048,5000,5000,238,1
LockFreeBased,2048,5000,5000,183,0
LockFreeBased,4096,5000,5000,285,1
LockFreeBased,4096,5000,5000,180,0
LockFreeBased,8192,5000,5000,238,1
LockFreeBased,8192,5000,5000,180,0
LockFreeBased,256,10000,10000,147,1
LockFreeBased,256,10000,9887,232,0
LockFreeBased,512,10000,10000,178,1
LockFreeBased,512,10000,4553,135,0
LockFreeBased,1024,10000,10000,289,1
LockFreeBased,1024,10000,10000,191,0
LockFreeBased,2048,10000,10000,205,1
LockFreeBased,2048,10000,9752,156,0
LockFreeBased,4096,10000,10000,207,1
LockFreeBased,4096,10000,10000,134,0
LockFreeBased,8192,10000,10000,187,1
LockFreeBased,8192,10000,10000,139,0
LockFreeBased,256,15000,15000,240,1
LockFreeBased,256,15000,15000,327,0
LockFreeBased,512,15000,15000,405,1
LockFreeBased,512,15000,15000,264,0
LockFreeBased,1024,15000,15000,287,1
LockFreeBased,1024,15000,12006,245,0
LockFreeBased,2048,15000,15000,186,1
LockFreeBased,2048,15000,15000,256,0
LockFreeBased,4096,15000,15000,294,1
LockFreeBased,4096,15000,15000,193,0
LockFreeBased,8192,15000,15000,262,1
LockFreeBased,8192,15000,13569,122,0
LockFreeBased,256,20000,20000,387,1
LockFreeBased,256,20000,18039,505,0
LockFreeBased,512,20000,20000,559,1
LockFreeBased,512,20000,19962,335,0
LockFreeBased,1024,20000,20000,407,1
LockFreeBased,1024,20000,19090,589,0
LockFreeBased,2048,20000,20000,282,1
LockFreeBased,2048,20000,19983,794,0
LockFreeBased,4096,20000,20000,371,1
LockFreeBased,4096,20000,20000,410,0
LockFreeBased,8192,20000,20000,238,1
LockFreeBased,8192,20000,20000,336,0
LockFreeBased,256,25000,25000,398,1
LockFreeBased,256,25000,22942,356,0
LockFreeBased,512,25000,25000,379,1
LockFreeBased,512,25000,22538,661,0
LockFreeBased,1024,25000,25000,339,1
LockFreeBased,1024,25000,14287,235,0
LockFreeBased,2048,25000,25000,353,1
LockFreeBased,2048,25000,2835,146,0
LockFreeBased,4096,25000,25000,568,1
LockFreeBased,4096,25000,25000,266,0
LockFreeBased,8192,25000,25000,478,1
LockFreeBased,8192,25000,25000,399,0
LockFreeBased,256,30000,30000,336,1
LockFreeBased,256,30000,25945,324,0
LockFreeBased,512,30000,30000,292,1
LockFreeBased,512,30000,19258,415,0
LockFreeBased,1024,30000,30000,397,1
LockFreeBased,1024,30000,1023,132,0
LockFreeBased,2048,30000,30000,415,1
LockFreeBased,2048,30000,29619,367,0
LockFreeBased,4096,30000,30000,345,1
LockFreeBased,4096,30000,30000,506,0
LockFreeBased,8192,30000,30000,296,1
LockFreeBased,8192,30000,30000,702,0
LockFreeBased,256,35000,35000,405,1
LockFreeBased,256,35000,34894,443,0
LockFreeBased,512,35000,35000,451,1
LockFreeBased,512,35000,4848,235,0
LockFreeBased,1024,35000,35000,533,1
LockFreeBased,1024,35000,16396,488,0
LockFreeBased,2048,35000,35000,377,1
LockFreeBased,2048,35000,35000,443,0
LockFreeBased,4096,35000,35000,477,1
LockFreeBased,4096,35000,34834,527,0
LockFreeBased,8192,35000,35000,405,1
LockFreeBased,8192,35000,8191,157,0
LockFreeBased,256,40000,40000,723,1
LockFreeBased,256,40000,31155,337,0
LockFreeBased,512,40000,40000,669,1
LockFreeBased,512,40000,40000,550,0
LockFreeBased,1024,40000,40000,376,1
LockFreeBased,1024,40000,4450,158,0
LockFreeBased,2048,40000,40000,552,1
LockFreeBased,2048,40000,5769,156,0
LockFreeBased,4096,40000,40000,501,1
LockFreeBased,4096,40000,27470,281,0
LockFreeBased,8192,40000,40000,291,1
LockFreeBased,8192,40000,40000,442,0
LockFreeBased,256,45000,45000,571,1
LockFreeBased,256,45000,44912,648,0
LockFreeBased,512,45000,45000,550,1
LockFreeBased,512,45000,14719,293,0
LockFreeBased,1024,45000,45000,633,1
LockFreeBased,1024,45000,42353,377,0
LockFreeBased,2048,45000,45000,457,1
LockFreeBased,2048,45000,45000,367,0
LockFreeBased,4096,45000,45000,375,1
LockFreeBased,4096,45000,44303,1062,0
LockFreeBased,8192,45000,45000,558,1
LockFreeBased,8192,45000,45000,699,0
LockFreeBased,256,50000,50000,404,1
LockFreeBased,256,50000,47328,1030,0
LockFreeBased,512,50000,50000,768,1
LockFreeBased,512,50000,26180,822,0
LockFreeBased,1024,50000,50000,799,1
LockFreeBased,1024,50000,10047,293,0
LockFreeBased,2048,50000,50000,1331,1
LockFreeBased,2048,50000,12525,210,0
LockFreeBased,4096,50000,50000,416,1
LockFreeBased,4096,50000,27011,336,0
LockFreeBased,8192,50000,50000,361,1
LockFreeBased,8192,50000,50000,441,0
LockFreeBased,256,100000,100000,838,1
LockFreeBased,256,100000,97078,628,0
LockFreeBased,512,100000,100000,702,1
LockFreeBased,512,100000,34939,381,0
LockFreeBased,1024,100000,100000,1129,1
LockFreeBased,1024,100000,96362,933,0
LockFreeBased,2048,100000,100000,809,1
LockFreeBased,2048,100000,97442,647,0
LockFreeBased,4096,100000,100000,754,1
LockFreeBased,4096,100000,86974,771,0
LockFreeBased,8192,100000,100000,587,1
LockFreeBased,8192,100000,100000,664,0
LockFreeBased,256,150000,150000,882,1
LockFreeBased,256,150000,140494,1148,0
LockFreeBased,512,150000,150000,1491,1
LockFreeBased,512,150000,149612,1144,0
LockFreeBased,1024,150000,150000,1585,1
LockFreeBased,1024,150000,28598,466,0
LockFreeBased,2048,150000,150000,1222,1
LockFreeBased,2048,150000,139057,1484,0
LockFreeBased,4096,150000,150000,1127,1
LockFreeBased,4096,150000,118963,838,0
LockFreeBased,8192,150000,150000,926,1
LockFreeBased,8192,150000,150000,1423,0
LockFreeBased,256,200000,200000,1350,1
LockFreeBased,256,200000,123205,985,0
LockFreeBased,512,200000,200000,1402,1
LockFreeBased,512,200000,84351,1119,0
LockFreeBased,1024,200000,200000,1691,1
LockFreeBased,1024,200000,83976,1123,0
LockFreeBased,2048,200000,200000,1901,1
LockFreeBased,2048,200000,190587,1367,0
LockFreeBased,4096,200000,200000,1296,1
LockFreeBased,4096,200000,156476,1443,0
LockFreeBased,8192,200000,200000,1247,1
LockFreeBased,8192,200000,195779,1069,0
LockFreeBased,256,250000,250000,1585,1
LockFreeBased,256,250000,119214,1270,0
LockFreeBased,512,250000,250000,1889,1
LockFreeBased,512,250000,151926,1452,0
LockFreeBased,1024,250000,250000,2279,1
LockFreeBased,1024,250000,139480,1469,0
LockFreeBased,2048,250000,250000,1946,1
LockFreeBased,2048,250000,67656,839,0
LockFreeBased,4096,250000,250000,2277,1
LockFreeBased,4096,250000,240306,1374,0
LockFreeBased,8192,250000,250000,1525,1
LockFreeBased,8192,250000,203588,1182,0
LockFreeBased,256,300000,300000,1723,1
LockFreeBased,256,300000,158278,1536,0
LockFreeBased,512,300000,300000,3676,1
LockFreeBased,512,300000,279081,1853,0
LockFreeBased,1024,300000,300000,1890,1
LockFreeBased,1024,300000,231992,1501,0
LockFreeBased,2048,300000,300000,1925,1
LockFreeBased,2048,300000,247135,1585,0
LockFreeBased,4096,300000,300000,2118,1
LockFreeBased,4096,300000,246493,1549,0
LockFreeBased,8192,300000,300000,2347,1
LockFreeBased,8192,300000,281587,2063,0
LockFreeBased,256,350000,350000,3261,1
LockFreeBased,256,350000,292202,2161,0
LockFreeBased,512,350000,350000,2133,1
LockFreeBased,512,350000,259234,1760,0
LockFreeBased,1024,350000,350000,2156,1
LockFreeBased,1024,350000,320767,2154,0
LockFreeBased,2048,350000,350000,3021,1
LockFreeBased,2048,350000,177569,1303,0
LockFreeBased,4096,350000,350000,2070,1
LockFreeBased,4096,350000,325073,2720,0
LockFreeBased,8192,350000,350000,1966,1
LockFreeBased,8192,350000,284811,2489,0
LockFreeBased,256,400000,400000,2882,1
LockFreeBased,256,400000,376017,2357,0
LockFreeBased,512,400000,400000,3073,1
LockFreeBased,512,400000,323843,2186,0
LockFreeBased,1024,400000,400000,2859,1
LockFreeBased,1024,400000,326577,2257,0
LockFreeBased,2048,400000,400000,3366,1
LockFreeBased,2048,400000,343079,2079,0
LockFreeBased,4096,400000,400000,3390,1
LockFreeBased,4096,400000,371730,2557,0
LockFreeBased,8192,400000,400000,2773,1
LockFreeBased,8192,400000,352963,2036,0
LockFreeBased,256,450000,450000,2588,1
LockFreeBased,256,450000,341080,2905,0
LockFreeBased,512,450000,450000,3312,1
LockFreeBased,512,450000,263096,2326,0
LockFreeBased,1024,450000,450000,2962,1
LockFreeBased,1024,450000,340654,2306,0
LockFreeBased,2048,450000,450000,3002,1
LockFreeBased,2048,450000,323359,2466,0
LockFreeBased,4096,450000,450000,2786,1
LockFreeBased,4096,450000,370202,2206,0
LockFreeBased,8192,450000,450000,2956,1
LockFreeBased,8192,450000,410603,2283,0
LockFreeBased,256,500000,500000,2785,1
LockFreeBased,256,500000,458349,3330,0
LockFreeBased,512,500000,500000,3045,1
LockFreeBased,512,500000,211059,1751,0
LockFreeBased,1024,500000,500000,4431,1
LockFreeBased,1024,500000,409445,2960,0
LockFreeBased,2048,500000,500000,3541,1
LockFreeBased,2048,500000,435767,2705,0
LockFreeBased,4096,500000,500000,4106,1
LockFreeBased,4096,500000,168645,1709,0
LockFreeBased,8192,500000,500000,2937,1
LockFreeBased,8192,500000,405604,2708,0
LockFreeBased,256,1000000,1000000,5794,1
LockFreeBased,256,1000000,432012,3659,0
LockFreeBased,512,1000000,1000000,6532,1
LockFreeBased,512,1000000,911649,6355,0
LockFreeBased,1024,1000000,1000000,6721,1
LockFreeBased,1024,1000000,560545,4011,0
LockFreeBased,2048,1000000,1000000,6008,1
LockFreeBased,2048,1000000,903266,5133,0
LockFreeBased,4096,1000000,1000000,6737,1
LockFreeBased,4096,1000000,762752,4442,0
LockFreeBased,8192,1000000,1000000,5951,1
LockFreeBased,8192,1000000,689877,5643,0
LockFreeBased,256,1100000,1100000,6571,1
LockFreeBased,256,1100000,980731,5618,0
LockFreeBased,512,1100000,1100000,7999,1
LockFreeBased,512,1100000,946650,5623,0
LockFreeBased,1024,1100000,1100000,6767,1
LockFreeBased,1024,1100000,1032115,6164,0
LockFreeBased,2048,1100000,1100000,6665,1
LockFreeBased,2048,1100000,661905,4513,0
LockFreeBased,4096,1100000,1100000,7031,1
LockFreeBased,4096,1100000,1022473,5795,0
LockFreeBased,8192,1100000,1100000,6098,1
LockFreeBased,8192,1100000,1028040,6042,0
LockFreeBased,256,1200000,1200000,6907,1
LockFreeBased,256,1200000,681133,5374,0
LockFreeBased,512,1200000,1200000,7300,1
LockFreeBased,512,1200000,1027188,6823,0
LockFreeBased,1024,1200000,1200000,7646,1
LockFreeBased,1024,1200000,1092877,6510,0
LockFreeBased,2048,1200000,1200000,10043,1
LockFreeBased,2048,1200000,1153648,6839,0
LockFreeBased,4096,1200000,1200000,7449,1
LockFreeBased,4096,1200000,941933,6296,0
LockFreeBased,8192,1200000,1200000,6818,1
LockFreeBased,8192,1200000,1115627,8266,0
LockFreeBased,256,1300000,1300000,7334,1
LockFreeBased,256,1300000,1176443,6885,0
LockFreeBased,512,1300000,1300000,7514,1
LockFreeBased,512,1300000,1119430,7010,0
LockFreeBased,1024,1300000,1300000,8724,1
LockFreeBased,1024,1300000,1199371,7062,0
LockFreeBased,2048,1300000,1300000,8542,1
LockFreeBased,2048,1300000,1123646,6634,0
LockFreeBased,4096,1300000,1300000,7336,1
LockFreeBased,4096,1300000,1221401,7286,0
LockFreeBased,8192,1300000,1300000,7144,1
LockFreeBased,8192,1300000,869074,6800,0
LockFreeBased,256,1400000,1400000,8151,1
LockFreeBased,256,1400000,1315635,8097,0
LockFreeBased,512,1400000,1400000,8215,1
LockFreeBased,512,1400000,880254,6381,0
LockFreeBased,1024,1400000,1400000,9161,1
LockFreeBased,1024,1400000,1202134,6844,0
LockFreeBased,2048,1400000,1400000,10313,1
LockFreeBased,2048,1400000,1277111,7337,0
LockFreeBased,4096,1400000,1400000,8329,1
LockFreeBased,4096,1400000,1205331,6988,0
LockFreeBased,8192,1400000,1400000,9199,1
LockFreeBased,8192,1400000,1332025,8047,0
LockFreeBased,256,1500000,1500000,8893,1
LockFreeBased,256,1500000,1189391,7144,0
LockFreeBased,512,1500000,1500000,8618,1
LockFreeBased,512,1500000,1257032,8234,0
LockFreeBased,1024,1500000,1500000,9574,1
LockFreeBased,1024,1500000,1411007,10224,0
LockFreeBased,2048,1500000,1500000,9558,1
LockFreeBased,2048,1500000,1395948,8773,0
LockFreeBased,4096,1500000,1500000,8355,1
LockFreeBased,4096,1500000,1389166,7806,0
LockFreeBased,8192,1500000,1500000,9589,1
LockFreeBased,8192,1500000,1457339,8681,0
